{"n_node": 10, "n_agent": 1, "time_steps": 500000, "reward_for_invalid_action": -200.0, "reward_for_goal": 0, "reward_exceed_horizon": -1.1, "horizon_length_factor": 5, "factor_expensive_edge": 1.0, "prop_stoch": 0.9, "k_edges": null, "grid_size": null, "random_seed_for_training": 75, "random_seed_for_inference": 40, "discount_factor": 1.0, "anneal_lr": false, "learning_rate": 0.001, "num_update_epochs": 8, "log_directory": "node10/seed_75_prop_0.9_update_8_steps_1200_vf_0.05_clip_0.1_deter_True", "hand_crafted_graph": "None", "wandb_mode": "online", "wandb_project_name": "node10_different_graphs", "num_steps_before_update": 1200, "gae_lambda": 0.95, "clip_eps": 0.1, "vf_coeff": 0.05, "ent_coeff": 0.05, "anneal_ent_coeff": true, "num_minibatches": 4, "deterministic_inference_policy": true}
{
    "current_datetime": "2024-11-25 23:57:16"
}
{"Total training time in seconds": 155.34480166435242}
{"Total Loss": 0.0003420317079871893, "Weighted Value Loss": 0.0036589592695236207, "Actor Loss": -0.0033027268946170807, "Weighted Entropy Loss": 0.005907658487558365}
Training results: 
{
    "final_regret": 0.0,
    "final_competitive_ratio": 1.0,
    "avg_reward_last_episode": -0.7659999951720238,
    "max_reward": -0.14000000059604645
}
Testing results: 
{
    "average_regret": 0.07160869985818863,
    "average_competitive_ratio": 1.1344181299209595,
    "average_reward": -0.5147826671600342
}
Policy: 
[
[0.0, 0.0, 0.0, 0.095238097012043, 0.0, 0.0, 0.0, 0.761904776096344, 0.1428571492433548, 0.0],
[0.0, 0.0, 1.0, 0.0, 0.0, 0.0, 0.0, 0.0, 0.0, 0.0],
[NaN, NaN, NaN, NaN, NaN, NaN, NaN, NaN, NaN, NaN],
[0.043478261679410934, 0.0, 0.0, 0.0, 0.010869565419852734, 0.0, 0.54347825050354, 0.20652174949645996, 0.19565217196941376, 0.0],
[0.0, 0.0, 0.09375, 0.03125, 0.0, 0.0, 0.3125, 0.0, 0.5625, 0.0],
[0.0, 0.07500000298023224, 0.17499999701976776, 0.0, 0.0, 0.0, 0.0, 0.10000000149011612, 0.0, 0.6500000357627869],
[0.0, 0.4385964870452881, 0.292397677898407, 0.04093567281961441, 0.0, 0.0, 0.0, 0.09941520541906357, 0.0, 0.12865497171878815],
[0.0, 0.0, 0.0, 0.020202020183205605, 0.0, 0.1818181872367859, 0.5656565427780151, 0.0, 0.0, 0.23232322931289673],
[0.0451388880610466, 0.0, 0.253472238779068, 0.5972222089767456, 0.1041666641831398, 0.0, 0.0, 0.0, 0.0, 0.0],
[0.0, 0.2571428716182709, 0.0, 0.0, 0.0, 0.3285714387893677, 0.0714285746216774, 0.34285715222358704, 0.0, 0.0]
]
Network architecture: 
params/actor_conv_1_32/bias: (32,)
params/actor_conv_1_32/kernel: (1, 1, 3, 32)
params/actor_dense_1/bias: (256,)
params/actor_dense_1/kernel: (640, 256)
params/actor_dense_2/bias: (128,)
params/actor_dense_2/kernel: (256, 128)
params/actor_dense_3/bias: (64,)
params/actor_dense_3/kernel: (128, 64)
params/actor_dense_4/bias: (32,)
params/actor_dense_4/kernel: (64, 32)
params/actor_dense_5_actions/bias: (10,)
params/actor_dense_5_actions/kernel: (32, 10)
params/critic_conv_1_32/bias: (32,)
params/critic_conv_1_32/kernel: (1, 1, 3, 32)
params/critic_dense_1/bias: (256,)
params/critic_dense_1/kernel: (640, 256)
params/critic_dense_2/bias: (128,)
params/critic_dense_2/kernel: (256, 128)
params/critic_dense_3/bias: (64,)
params/critic_dense_3/kernel: (128, 64)
params/critic_dense_4/bias: (32,)
params/critic_dense_4/kernel: (64, 32)
params/critic_dense_5/bias: (1,)
params/critic_dense_5/kernel: (32, 1)

Graph Weights: 
[
[-1.0, -1.0, -1.0, 0.039276123046875, -1.0, -1.0, -1.0, 0.057281494140625, 0.041656494140625, -1.0],
[-1.0, -1.0, 0.039276123046875, -1.0, -1.0, 0.0196380615234375, 0.02777099609375, -1.0, -1.0, 0.013885498046875],
[-1.0, 0.039276123046875, -1.0, -1.0, 0.039276123046875, 0.043914794921875, 0.02777099609375, -1.0, 1.0, -1.0],
[0.039276123046875, -1.0, -1.0, -1.0, 0.08447265625, -1.0, 0.08447265625, 0.050079345703125, 0.03106689453125, -1.0],
[-1.0, -1.0, 0.039276123046875, 0.08447265625, -1.0, -1.0, 0.02777099609375, -1.0, 0.111083984375, -1.0],
[-1.0, 0.0196380615234375, 0.043914794921875, -1.0, -1.0, -1.0, -1.0, 0.07080078125, -1.0, 0.03106689453125],
[-1.0, 0.02777099609375, 0.02777099609375, 0.08447265625, 0.02777099609375, -1.0, -1.0, 0.0621337890625, -1.0, 0.03106689453125],
[0.057281494140625, -1.0, -1.0, 0.050079345703125, -1.0, 0.07080078125, 0.0621337890625, -1.0, -1.0, 0.041656494140625],
[0.041656494140625, -1.0, 1.0, 0.03106689453125, 0.111083984375, -1.0, -1.0, -1.0, -1.0, -1.0],
[-1.0, 0.013885498046875, -1.0, -1.0, -1.0, 0.03106689453125, 0.03106689453125, 0.041656494140625, -1.0, -1.0]
]
Blocking Probabilities: 
[
[1.0, 1.0, 1.0, 0.7001953125, 1.0, 1.0, 1.0, 0.429931640625, 0.77001953125, 1.0],
[1.0, 1.0, 0.0, 1.0, 1.0, 0.7001953125, 0.3701171875, 1.0, 1.0, 0.429931640625],
[1.0, 0.0, 1.0, 1.0, 0.85009765625, 0.72998046875, 0.72998046875, 1.0, 0.0, 1.0],
[0.7001953125, 1.0, 1.0, 1.0, 0.91015625, 1.0, 0.43994140625, 0.5400390625, 0.199951171875, 1.0],
[1.0, 1.0, 0.85009765625, 0.91015625, 1.0, 1.0, 0.64013671875, 1.0, 0.669921875, 1.0],
[1.0, 0.7001953125, 0.72998046875, 1.0, 1.0, 1.0, 1.0, 0.1800537109375, 1.0, 0.81982421875],
[1.0, 0.3701171875, 0.72998046875, 0.43994140625, 0.64013671875, 1.0, 1.0, 0.0, 1.0, 0.52978515625],
[0.429931640625, 1.0, 1.0, 0.5400390625, 1.0, 0.1800537109375, 0.0, 1.0, 1.0, 0.919921875],
[0.77001953125, 1.0, 0.0, 0.199951171875, 0.669921875, 1.0, 1.0, 1.0, 1.0, 1.0],
[1.0, 0.429931640625, 1.0, 1.0, 1.0, 0.81982421875, 0.52978515625, 0.919921875, 1.0, 1.0]
]