{"n_node": 10, "n_agent": 1, "time_steps": 500000, "reward_for_invalid_action": -200.0, "reward_for_goal": 0, "reward_exceed_horizon": -1.1, "horizon_length_factor": 5, "factor_expensive_edge": 1.0, "prop_stoch": 0.7, "k_edges": null, "grid_size": null, "random_seed_for_training": 73, "random_seed_for_inference": 40, "discount_factor": 1.0, "anneal_lr": false, "learning_rate": 0.001, "num_update_epochs": 8, "log_directory": "node10/seed_73_prop_0.7_update_8_steps_1200_vf_0.01_clip_0.1_deter_True", "hand_crafted_graph": "None", "wandb_mode": "online", "wandb_project_name": "node10_different_graphs", "num_steps_before_update": 1200, "gae_lambda": 0.95, "clip_eps": 0.1, "vf_coeff": 0.01, "ent_coeff": 0.05, "anneal_ent_coeff": true, "num_minibatches": 4, "deterministic_inference_policy": true}
{
    "current_datetime": "2024-11-25 17:07:42"
}
{"Total training time in seconds": 171.54523181915283}
{"Total Loss": -0.0009088949882425368, "Weighted Value Loss": 1.8775943899527193e-05, "Actor Loss": -0.000925801636185497, "Weighted Entropy Loss": 0.000777631439268589}
Training results: 
{
    "final_regret": 0.0,
    "final_competitive_ratio": 1.0,
    "avg_reward_last_episode": -0.20000000298023224,
    "max_reward": -0.20000000298023224
}
Testing results: 
{
    "average_regret": 0.00629464304074645,
    "average_competitive_ratio": 1.0270801782608032,
    "average_reward": -0.2372768074274063
}
Policy: 
[
[0.0, 0.0, 0.0, 0.0, 0.0, 0.0, 0.0, 0.0, 0.0, 1.0],
[1.0, 0.0, 0.0, 0.0, 0.0, 0.0, 0.0, 0.0, 0.0, 0.0],
[0.0, 0.0, 0.0, 0.1304347813129425, 0.0, 0.08695652335882187, 0.0, 0.782608687877655, 0.0, 0.0],
[0.0, 0.0, 0.6216216087341309, 0.0, 0.0810810774564743, 0.0, 0.0, 0.29729729890823364, 0.0, 0.0],
[0.8871681094169617, 0.0, 0.0, 0.0752212405204773, 0.0, 0.0, 0.0, 0.0, 0.0, 0.03761062026023865],
[0.0, 0.0, 0.0, 0.0, 0.0, 0.0, 1.0, 0.0, 0.0, 0.0],
[0.4761904776096344, 0.190476194024086, 0.0, 0.0, 0.0, 0.0, 0.0, 0.0, 0.3333333432674408, 0.0],
[0.3448275923728943, 0.0, 0.0, 0.0, 0.0, 0.0, 0.6551724076271057, 0.0, 0.0, 0.0],
[0.0, 0.0, 0.0, 0.0, 0.0, 0.0, 0.0, 0.0, 0.0, 1.0],
[NaN, NaN, NaN, NaN, NaN, NaN, NaN, NaN, NaN, NaN]
]
Network architecture: 
params/actor_conv_1_32/bias: (32,)
params/actor_conv_1_32/kernel: (1, 1, 3, 32)
params/actor_dense_1/bias: (256,)
params/actor_dense_1/kernel: (640, 256)
params/actor_dense_2/bias: (128,)
params/actor_dense_2/kernel: (256, 128)
params/actor_dense_3/bias: (64,)
params/actor_dense_3/kernel: (128, 64)
params/actor_dense_4/bias: (32,)
params/actor_dense_4/kernel: (64, 32)
params/actor_dense_5_actions/bias: (10,)
params/actor_dense_5_actions/kernel: (32, 10)
params/critic_conv_1_32/bias: (32,)
params/critic_conv_1_32/kernel: (1, 1, 3, 32)
params/critic_dense_1/bias: (256,)
params/critic_dense_1/kernel: (640, 256)
params/critic_dense_2/bias: (128,)
params/critic_dense_2/kernel: (256, 128)
params/critic_dense_3/bias: (64,)
params/critic_dense_3/kernel: (128, 64)
params/critic_dense_4/bias: (32,)
params/critic_dense_4/kernel: (64, 32)
params/critic_dense_5/bias: (1,)
params/critic_dense_5/kernel: (32, 1)

Graph Weights: 
[
[-1.0, 0.1011962890625, -1.0, -1.0, 0.08843994140625, -1.0, 0.05206298828125, 0.07159423828125, -1.0, 0.111083984375],
[0.1011962890625, -1.0, -1.0, -1.0, -1.0, -1.0, 0.06256103515625, -1.0, 0.07159423828125, 0.0173492431640625],
[-1.0, -1.0, -1.0, 0.0173492431640625, -1.0, 0.049072265625, -1.0, 0.038818359375, -1.0, -1.0],
[-1.0, -1.0, 0.0173492431640625, -1.0, 0.0173492431640625, -1.0, -1.0, 0.0245361328125, -1.0, -1.0],
[0.08843994140625, -1.0, -1.0, 0.0173492431640625, -1.0, -1.0, -1.0, 0.0173492431640625, -1.0, 1.0],
[-1.0, -1.0, 0.049072265625, -1.0, -1.0, -1.0, 0.06256103515625, 0.07159423828125, 0.038818359375, -1.0],
[0.05206298828125, 0.06256103515625, -1.0, -1.0, -1.0, 0.06256103515625, -1.0, 0.07763671875, 0.05487060546875, -1.0],
[0.07159423828125, -1.0, 0.038818359375, 0.0245361328125, 0.0173492431640625, 0.07159423828125, 0.07763671875, -1.0, -1.0, -1.0],
[-1.0, 0.07159423828125, -1.0, -1.0, -1.0, 0.038818359375, 0.05487060546875, -1.0, -1.0, 0.08843994140625],
[0.111083984375, 0.0173492431640625, -1.0, -1.0, 1.0, -1.0, -1.0, -1.0, 0.08843994140625, -1.0]
]
Blocking Probabilities: 
[
[1.0, 0.0, 1.0, 1.0, 0.1199951171875, 1.0, 0.1700439453125, 0.72021484375, 1.0, 0.0],
[0.0, 1.0, 1.0, 1.0, 1.0, 1.0, 0.05999755859375, 1.0, 0.7998046875, 0.97998046875],
[1.0, 1.0, 1.0, 0.0, 1.0, 0.429931640625, 1.0, 0.320068359375, 1.0, 1.0],
[1.0, 1.0, 0.0, 1.0, 0.360107421875, 1.0, 1.0, 0.7001953125, 1.0, 1.0],
[0.1199951171875, 1.0, 1.0, 0.360107421875, 1.0, 1.0, 1.0, 0.89990234375, 1.0, 0.0],
[1.0, 1.0, 0.429931640625, 1.0, 1.0, 1.0, 0.08001708984375, 0.0, 0.93994140625, 1.0],
[0.1700439453125, 0.05999755859375, 1.0, 1.0, 1.0, 0.08001708984375, 1.0, 0.0, 0.56005859375, 1.0],
[0.72021484375, 1.0, 0.320068359375, 0.7001953125, 0.89990234375, 0.0, 0.0, 1.0, 1.0, 1.0],
[1.0, 0.7998046875, 1.0, 1.0, 1.0, 0.93994140625, 0.56005859375, 1.0, 1.0, 0.0],
[0.0, 0.97998046875, 1.0, 1.0, 0.0, 1.0, 1.0, 1.0, 0.0, 1.0]
]