{"n_node": 5, "n_agent": 1, "time_steps": 200, "reward_for_invalid_action": -200.0, "reward_for_goal": 0, "reward_exceed_horizon": -1.1, "horizon_length_factor": 5, "factor_expensive_edge": 1.0, "prop_stoch": 0.4, "k_edges": null, "grid_size": null, "random_seed_for_training": 30, "random_seed_for_inference": 40, "discount_factor": 1.0, "anneal_lr": false, "learning_rate": 0.00025, "num_update_epochs": 4, "network_type": "CNN", "network_activation": "tanh", "log_directory": "debug", "hand_crafted_graph": "None", "num_steps_before_update": 200, "gae_lambda": 0.95, "clip_eps": 0.2, "vf_coeff": 0.5, "ent_coeff": 0.01, "anneal_ent_coeff": false, "num_minibatches": 4, "deterministic_inference_policy": false}
{
    "current_datetime": "2024-11-22 23:11:56"
}
{"Total training time in seconds": 12.682677030563354}
{"Total Loss": 0.13998574018478394, "Weighted Value Loss": 0.14924725890159607, "Actor Loss": -0.0030694485176354647, "Weighted Entropy Loss": 0.0061920762062072756}
Training results: 
{
    "final_regret": 0.0,
    "final_comparative_ratio": 1.0,
    "avg_reward_last_episode": -0.9019999980926514,
    "max_reward": -0.3100000023841858
}
Testing results: 
{
    "average_regret": 0.2815040647983551,
    "average_comparative_ratio": 1.7435393333435059,
    "average_reward": -0.9496341347694397
}
Policy: 
[
[0.0, 0.0, 0.20000000298023224, 0.0, 0.800000011920929],
[0.0, 0.0, 0.6666666865348816, 0.04609929025173187, 0.28723403811454773],
[NaN, NaN, NaN, NaN, NaN],
[0.0, 0.1607142835855484, 0.3571428656578064, 0.0, 0.4821428656578064],
[0.22727273404598236, 0.19696970283985138, 0.25, 0.32575756311416626, 0.0]
]
Network architecture: 
params/actor_conv_1_32/bias: (32,)
params/actor_conv_1_32/kernel: (1, 1, 3, 32)
params/actor_dense_1_64/bias: (64,)
params/actor_dense_1_64/kernel: (960, 64)
params/actor_dense_2_128/bias: (128,)
params/actor_dense_2_128/kernel: (64, 128)
params/actor_dense_3_256/bias: (256,)
params/actor_dense_3_256/kernel: (128, 256)
params/actor_dense_4_64/bias: (64,)
params/actor_dense_4_64/kernel: (256, 64)
params/actor_dense_5_actions/bias: (5,)
params/actor_dense_5_actions/kernel: (64, 5)
params/critic_conv_1_32/bias: (32,)
params/critic_conv_1_32/kernel: (1, 1, 3, 32)
params/critic_dense_1_64/bias: (64,)
params/critic_dense_1_64/kernel: (960, 64)
params/critic_dense_2_128/bias: (128,)
params/critic_dense_2_128/kernel: (64, 128)
params/critic_dense_3_256/bias: (256,)
params/critic_dense_3_256/kernel: (128, 256)
params/critic_dense_4_64/bias: (64,)
params/critic_dense_4_64/kernel: (256, 64)
params/critic_dense_5_1/bias: (1,)
params/critic_dense_5_1/kernel: (64, 1)

Graph Weights: 
[
[-1.0, -1.0, 0.25, -1.0, 0.049041748046875],
[-1.0, -1.0, 1.0, 0.09808349609375, 0.1470947265625],
[0.25, 1.0, -1.0, 0.2080078125, 0.2452392578125],
[-1.0, 0.09808349609375, 0.2080078125, -1.0, 0.1768798828125],
[0.049041748046875, 0.1470947265625, 0.2452392578125, 0.1768798828125, -1.0]
]
Blocking Probabilities: 
[
[1.0, 1.0, 0.469970703125, 1.0, 0.0],
[1.0, 1.0, 0.0, 0.9501953125, 0.52001953125],
[0.469970703125, 0.0, 1.0, 0.0, 0.0],
[1.0, 0.9501953125, 0.0, 1.0, 0.0],
[0.0, 0.52001953125, 0.0, 0.0, 1.0]
]