{"n_node": 10, "n_agent": 1, "time_steps": 500000, "reward_for_invalid_action": -200.0, "reward_for_goal": 0, "reward_exceed_horizon": -1.1, "horizon_length_factor": 5, "factor_expensive_edge": 1.0, "prop_stoch": 0.8, "k_edges": null, "grid_size": null, "random_seed_for_training": 74, "random_seed_for_inference": 40, "discount_factor": 1.0, "anneal_lr": false, "learning_rate": 0.001, "num_update_epochs": 8, "log_directory": "node10/seed_74_prop_0.8_update_8_steps_1000_vf_0.01_clip_0.1_deter_False", "hand_crafted_graph": "None", "wandb_mode": "online", "wandb_project_name": "node10_different_graphs", "num_steps_before_update": 1000, "gae_lambda": 0.95, "clip_eps": 0.1, "vf_coeff": 0.01, "ent_coeff": 0.05, "anneal_ent_coeff": true, "num_minibatches": 4, "deterministic_inference_policy": false}
{
    "current_datetime": "2024-11-26 05:54:45"
}
{"Total training time in seconds": 171.74000668525696}
{"Total Loss": -0.0026256439741700888, "Weighted Value Loss": 8.466258645057678e-05, "Actor Loss": -0.0027051162905991077, "Weighted Entropy Loss": 0.0025952164083719257}
Training results: 
{
    "final_regret": 0.0,
    "final_competitive_ratio": 1.0,
    "avg_reward_last_episode": -0.4290000036358833,
    "max_reward": -0.17000000178813934
}
Testing results: 
{
    "average_regret": 0.002049689646810293,
    "average_competitive_ratio": 1.0080701112747192,
    "average_reward": -0.4103519916534424
}
Policy: 
[
[0.0, 0.0, 0.0, 0.25, 0.0, 0.75, 0.0, 0.0, 0.0, 0.0],
[0.0, 0.0, 0.030303029343485832, 0.0, 0.0, 0.1818181723356247, 0.0, 0.0, 0.09090908616781235, 0.6969696879386902],
[0.0, 0.0, 0.0, 0.0, 0.0, 0.0, 0.9754385948181152, 0.003508772002533078, 0.0, 0.021052632480859756],
[0.0, 0.0, 0.0, 0.0, 0.8333333730697632, 0.1666666716337204, 0.0, 0.0, 0.0, 0.0],
[0.0, 0.0, 0.0, 0.0, 0.0, 0.0, 0.3333333432674408, 0.0, 0.0555555559694767, 0.6111111044883728],
[0.0, 0.01886792480945587, 0.0, 0.09433962404727936, 0.24528302252292633, 0.0, 0.0, 0.0, 0.6415094137191772, 0.0],
[NaN, NaN, NaN, NaN, NaN, NaN, NaN, NaN, NaN, NaN],
[0.008247422985732555, 0.06597938388586044, 0.5649484992027283, 0.0, 0.0, 0.08865980058908463, 0.2721649706363678, 0.0, 0.0, 0.0],
[0.0, 0.0, 0.0, 0.0, 0.0, 0.0, 0.0, 0.0, 0.0, 1.0],
[0.0, 0.0, 0.12820513546466827, 0.0, 0.0, 0.0, 0.8717948794364929, 0.0, 0.0, 0.0]
]
Network architecture: 
params/actor_conv_1_32/bias: (32,)
params/actor_conv_1_32/kernel: (1, 1, 3, 32)
params/actor_dense_1/bias: (256,)
params/actor_dense_1/kernel: (640, 256)
params/actor_dense_2/bias: (128,)
params/actor_dense_2/kernel: (256, 128)
params/actor_dense_3/bias: (64,)
params/actor_dense_3/kernel: (128, 64)
params/actor_dense_4/bias: (32,)
params/actor_dense_4/kernel: (64, 32)
params/actor_dense_5_actions/bias: (10,)
params/actor_dense_5_actions/kernel: (32, 10)
params/critic_conv_1_32/bias: (32,)
params/critic_conv_1_32/kernel: (1, 1, 3, 32)
params/critic_dense_1/bias: (256,)
params/critic_dense_1/kernel: (640, 256)
params/critic_dense_2/bias: (128,)
params/critic_dense_2/kernel: (256, 128)
params/critic_dense_3/bias: (64,)
params/critic_dense_3/kernel: (128, 64)
params/critic_dense_4/bias: (32,)
params/critic_dense_4/kernel: (64, 32)
params/critic_dense_5/bias: (1,)
params/critic_dense_5/kernel: (32, 1)

Graph Weights: 
[
[-1.0, -1.0, -1.0, 0.036529541015625, -1.0, 0.0258331298828125, -1.0, 0.07745361328125, -1.0, -1.0],
[-1.0, -1.0, 0.0258331298828125, -1.0, -1.0, 0.054779052734375, -1.0, 0.0753173828125, 0.04083251953125, 0.0645751953125],
[-1.0, 0.0258331298828125, -1.0, -1.0, -1.0, -1.0, 0.111083984375, 0.06585693359375, -1.0, 0.08660888671875],
[0.036529541015625, -1.0, -1.0, -1.0, 0.01291656494140625, 0.0258331298828125, -1.0, -1.0, -1.0, -1.0],
[-1.0, -1.0, -1.0, 0.01291656494140625, -1.0, 0.0288848876953125, 0.09039306640625, -1.0, 0.0288848876953125, 0.06585693359375],
[0.0258331298828125, 0.054779052734375, -1.0, 0.0258331298828125, 0.0288848876953125, -1.0, -1.0, 0.0816650390625, 0.0258331298828125, -1.0],
[-1.0, -1.0, 0.111083984375, -1.0, 0.09039306640625, -1.0, -1.0, 1.0, -1.0, 0.0288848876953125],
[0.07745361328125, 0.0753173828125, 0.06585693359375, -1.0, -1.0, 0.0816650390625, 1.0, -1.0, -1.0, -1.0],
[-1.0, 0.04083251953125, -1.0, -1.0, 0.0288848876953125, 0.0258331298828125, -1.0, -1.0, -1.0, 0.05328369140625],
[-1.0, 0.0645751953125, 0.08660888671875, -1.0, 0.06585693359375, -1.0, 0.0288848876953125, -1.0, 0.05328369140625, -1.0]
]
Blocking Probabilities: 
[
[1.0, 1.0, 1.0, 0.43994140625, 1.0, 0.0, 1.0, 0.9599609375, 1.0, 1.0],
[1.0, 1.0, 0.990234375, 1.0, 1.0, 0.35009765625, 1.0, 0.81982421875, 0.7099609375, 0.219970703125],
[1.0, 0.990234375, 1.0, 1.0, 1.0, 1.0, 0.029998779296875, 0.4599609375, 1.0, 0.0],
[0.43994140625, 1.0, 1.0, 1.0, 0.0, 0.360107421875, 1.0, 1.0, 1.0, 1.0],
[1.0, 1.0, 1.0, 0.0, 1.0, 0.199951171875, 0.68994140625, 1.0, 0.81005859375, 0.04998779296875],
[0.0, 0.35009765625, 1.0, 0.360107421875, 0.199951171875, 1.0, 1.0, 0.7998046875, 0.35009765625, 1.0],
[1.0, 1.0, 0.029998779296875, 1.0, 0.68994140625, 1.0, 1.0, 0.0, 1.0, 0.219970703125],
[0.9599609375, 0.81982421875, 0.4599609375, 1.0, 1.0, 0.7998046875, 0.0, 1.0, 1.0, 1.0],
[1.0, 0.7099609375, 1.0, 1.0, 0.81005859375, 0.35009765625, 1.0, 1.0, 1.0, 0.0],
[1.0, 0.219970703125, 0.0, 1.0, 0.04998779296875, 1.0, 0.219970703125, 1.0, 0.0, 1.0]
]