{"_timestamp":1.7323114959468622e+09,"_runtime":1.4560243,"_step":7,"_wandb":{"runtime":1},"acc":0.8255705327687155,"loss":0.11550198768841323}