{"n_node": 5, "n_agent": 1, "time_steps": 1000, "reward_for_invalid_action": -200.0, "reward_for_goal": 0, "reward_exceed_horizon": -1.1, "horizon_length_factor": 5, "factor_expensive_edge": 1.0, "prop_stoch": 0.4, "k_edges": null, "grid_size": null, "random_seed_for_training": 30, "random_seed_for_inference": 40, "discount_factor": 1.0, "anneal_lr": true, "learning_rate": 0.00025, "num_update_epochs": 4, "log_directory": "debug_sweep", "hand_crafted_graph": "None", "wandb_mode": "disabled", "wandb_project_name": "no_name", "num_steps_before_update": 200, "gae_lambda": 0.95, "clip_eps": 0.2, "vf_coeff": 0.2, "ent_coeff": 0.01, "anneal_ent_coeff": true, "num_minibatches": 4, "deterministic_inference_policy": false}
{
    "current_datetime": "2024-11-24 12:07:39"
}
{"Total training time in seconds": 8.160058498382568}
{"Total Loss": 0.7941244840621948, "Weighted Value Loss": 0.7936699867248536, "Actor Loss": 0.0016541194636374712, "Weighted Entropy Loss": 0.0059983074665069585}
Training results: 
{
    "final_regret": 0.6100000143051147,
    "final_comparative_ratio": 2.5641026496887207,
    "avg_reward_last_episode": -0.877999997138977,
    "max_reward": -0.3100000023841858
}
Testing results: 
{
    "average_regret": 0.28379595279693604,
    "average_comparative_ratio": 1.749288558959961,
    "average_reward": -0.9530612230300903
}
Policy: 
[
[0.0, 0.0, 0.20000000298023224, 0.0, 0.800000011920929],
[0.0, 0.0, 0.6690391302108765, 0.049822062253952026, 0.2811387777328491],
[NaN, NaN, NaN, NaN, NaN],
[0.0, 0.1551724076271057, 0.36206895112991333, 0.0, 0.48275861144065857],
[0.22900763154029846, 0.19847328960895538, 0.23664122819900513, 0.3358778655529022, 0.0]
]
Network architecture: 
params/actor_conv_1_32/bias: (32,)
params/actor_conv_1_32/kernel: (1, 1, 3, 32)
params/actor_dense_1/bias: (256,)
params/actor_dense_1/kernel: (128, 256)
params/actor_dense_2/bias: (128,)
params/actor_dense_2/kernel: (256, 128)
params/actor_dense_3/bias: (64,)
params/actor_dense_3/kernel: (128, 64)
params/actor_dense_4/bias: (32,)
params/actor_dense_4/kernel: (64, 32)
params/actor_dense_5_actions/bias: (5,)
params/actor_dense_5_actions/kernel: (32, 5)
params/critic_conv_1_32/bias: (32,)
params/critic_conv_1_32/kernel: (1, 1, 3, 32)
params/critic_dense_1/bias: (256,)
params/critic_dense_1/kernel: (128, 256)
params/critic_dense_2/bias: (128,)
params/critic_dense_2/kernel: (256, 128)
params/critic_dense_3/bias: (64,)
params/critic_dense_3/kernel: (128, 64)
params/critic_dense_4/bias: (32,)
params/critic_dense_4/kernel: (64, 32)
params/critic_dense_5/bias: (1,)
params/critic_dense_5/kernel: (32, 1)

Graph Weights: 
[
[-1.0, -1.0, 0.25, -1.0, 0.049041748046875],
[-1.0, -1.0, 1.0, 0.09808349609375, 0.1470947265625],
[0.25, 1.0, -1.0, 0.2080078125, 0.2452392578125],
[-1.0, 0.09808349609375, 0.2080078125, -1.0, 0.1768798828125],
[0.049041748046875, 0.1470947265625, 0.2452392578125, 0.1768798828125, -1.0]
]
Blocking Probabilities: 
[
[1.0, 1.0, 0.469970703125, 1.0, 0.0],
[1.0, 1.0, 0.0, 0.9501953125, 0.52001953125],
[0.469970703125, 0.0, 1.0, 0.0, 0.0],
[1.0, 0.9501953125, 0.0, 1.0, 0.0],
[0.0, 0.52001953125, 0.0, 0.0, 1.0]
]