{"n_node": 10, "n_agent": 1, "time_steps": 100000, "reward_for_invalid_action": -200.0, "reward_for_goal": 0, "reward_exceed_horizon": -1.1, "horizon_length_factor": 5, "factor_expensive_edge": 1.0, "prop_stoch": 0.8, "k_edges": null, "grid_size": null, "random_seed_for_training": 70, "random_seed_for_inference": 40, "discount_factor": 1.0, "anneal_lr": false, "learning_rate": 0.00025, "num_update_epochs": 4, "log_directory": "node10/random_seed_70_prop_stoch_0.8", "hand_crafted_graph": "None", "wandb_mode": "online", "wandb_project_name": "node10_different_graphs", "num_steps_before_update": 200, "gae_lambda": 0.95, "clip_eps": 0.2, "vf_coeff": 0.2, "ent_coeff": 0.01, "anneal_ent_coeff": true, "num_minibatches": 4, "deterministic_inference_policy": true}
{
    "current_datetime": "2024-11-24 01:03:38"
}
{"Total training time in seconds": 42.00446820259094}
{"Total Loss": 0.002560405293479562, "Weighted Value Loss": 0.0029555469751358036, "Actor Loss": -0.0003941988979931921, "Weighted Entropy Loss": 0.0004716066271066666}
Training results: 
{
    "final_regret": 0.0,
    "final_comparative_ratio": 1.0,
    "avg_reward_last_episode": -0.7569999992847443,
    "max_reward": -0.17000000178813934
}
Testing results: 
{
    "average_regret": 0.008562752045691013,
    "average_comparative_ratio": 1.0149986743927002,
    "average_reward": -0.6901821494102478
}
Policy: 
[
[0.0, 0.0, 0.0, 1.0, 0.0, 0.0, 0.0, 0.0, 0.0, 0.0],
[0.21083173155784607, 0.0, 0.0, 0.0, 0.0, 0.0, 0.0, 0.5647969245910645, 0.22437137365341187, 0.0],
[NaN, NaN, NaN, NaN, NaN, NaN, NaN, NaN, NaN, NaN],
[0.0, 0.0, 0.0, 0.0, 0.0, 0.31612902879714966, 0.0, 0.6838709712028503, 0.0, 0.0],
[0.0, 0.0, 0.0, 0.0, 0.0, 0.0, 0.0, 1.0, 0.0, 0.0],
[0.0, 0.0, 0.0, 0.0, 0.6938775181770325, 0.0, 0.0, 0.30612245202064514, 0.0, 0.0],
[NaN, NaN, NaN, NaN, NaN, NaN, NaN, NaN, NaN, NaN],
[NaN, NaN, NaN, NaN, NaN, NaN, NaN, NaN, NaN, NaN],
[0.17241379618644714, 0.18965516984462738, 0.0, 0.22413793206214905, 0.0, 0.0, 0.0, 0.41379308700561523, 0.0, 0.0],
[NaN, NaN, NaN, NaN, NaN, NaN, NaN, NaN, NaN, NaN]
]
Network architecture: 
params/actor_conv_1_32/bias: (32,)
params/actor_conv_1_32/kernel: (1, 1, 3, 32)
params/actor_dense_1/bias: (256,)
params/actor_dense_1/kernel: (640, 256)
params/actor_dense_2/bias: (128,)
params/actor_dense_2/kernel: (256, 128)
params/actor_dense_3/bias: (64,)
params/actor_dense_3/kernel: (128, 64)
params/actor_dense_4/bias: (32,)
params/actor_dense_4/kernel: (64, 32)
params/actor_dense_5_actions/bias: (10,)
params/actor_dense_5_actions/kernel: (32, 10)
params/critic_conv_1_32/bias: (32,)
params/critic_conv_1_32/kernel: (1, 1, 3, 32)
params/critic_dense_1/bias: (256,)
params/critic_dense_1/kernel: (640, 256)
params/critic_dense_2/bias: (128,)
params/critic_dense_2/kernel: (256, 128)
params/critic_dense_3/bias: (64,)
params/critic_dense_3/kernel: (128, 64)
params/critic_dense_4/bias: (32,)
params/critic_dense_4/kernel: (64, 32)
params/critic_dense_5/bias: (1,)
params/critic_dense_5/kernel: (32, 1)

Graph Weights: 
[
[-1.0, 0.0380859375, 0.05712890625, 0.09521484375, -1.0, -1.0, -1.0, -1.0, 0.085205078125, 0.0426025390625],
[0.0380859375, -1.0, -1.0, -1.0, -1.0, -1.0, -1.0, 1.0, 0.076171875, -1.0],
[0.05712890625, -1.0, -1.0, -1.0, -1.0, -1.0, 0.01904296875, -1.0, -1.0, 0.0269317626953125],
[0.09521484375, -1.0, -1.0, -1.0, 0.085205078125, 0.0426025390625, -1.0, 0.06024169921875, 0.0426025390625, 0.085205078125],
[-1.0, -1.0, -1.0, 0.085205078125, -1.0, 0.06866455078125, 0.05712890625, 0.111083984375, -1.0, 0.053863525390625],
[-1.0, -1.0, -1.0, 0.0426025390625, 0.06866455078125, -1.0, -1.0, 0.0426025390625, -1.0, -1.0],
[-1.0, -1.0, 0.01904296875, -1.0, 0.05712890625, -1.0, -1.0, -1.0, -1.0, 0.0426025390625],
[-1.0, 1.0, -1.0, 0.06024169921875, 0.111083984375, 0.0426025390625, -1.0, -1.0, 0.09521484375, -1.0],
[0.085205078125, 0.076171875, -1.0, 0.0426025390625, -1.0, -1.0, -1.0, 0.09521484375, -1.0, -1.0],
[0.0426025390625, -1.0, 0.0269317626953125, 0.085205078125, 0.053863525390625, -1.0, 0.0426025390625, -1.0, -1.0, -1.0]
]
Blocking Probabilities: 
[
[1.0, 0.77978515625, 0.83984375, 0.0, 1.0, 1.0, 1.0, 1.0, 0.4599609375, 0.72998046875],
[0.77978515625, 1.0, 1.0, 1.0, 1.0, 1.0, 1.0, 0.0, 0.7001953125, 1.0],
[0.83984375, 1.0, 1.0, 1.0, 1.0, 1.0, 0.85986328125, 1.0, 1.0, 0.60009765625],
[0.0, 1.0, 1.0, 1.0, 0.990234375, 0.0, 1.0, 0.300048828125, 0.58984375, 0.83984375],
[1.0, 1.0, 1.0, 0.990234375, 1.0, 0.0, 0.83984375, 0.0, 1.0, 0.419921875],
[1.0, 1.0, 1.0, 0.0, 0.0, 1.0, 1.0, 0.669921875, 1.0, 1.0],
[1.0, 1.0, 0.85986328125, 1.0, 0.83984375, 1.0, 1.0, 1.0, 1.0, 0.1500244140625],
[1.0, 0.0, 1.0, 0.300048828125, 0.0, 0.669921875, 1.0, 1.0, 0.6298828125, 1.0],
[0.4599609375, 0.7001953125, 1.0, 0.58984375, 1.0, 1.0, 1.0, 0.6298828125, 1.0, 1.0],
[0.72998046875, 1.0, 0.60009765625, 0.83984375, 0.419921875, 1.0, 0.1500244140625, 1.0, 1.0, 1.0]
]